"ML-Ready Dataset — For Use with Linear Regression, GBT, and SVR",,,,,,,,,,
"AY Start
(Feature)","AY End
(Feature)","Sector
(Label)","Sector
Encoded","Region
(Label)","Region
Encoded","SHS
Available","Total
Elementary","Total
High School","Total
Senior HS","Total
Students (TARGET)"
2010,2011,Public,0,Region I - Ilocos Region,4,0,"703,219","304,807",0,"1,008,026"
2010,2011,Public,0,Region II - Cagayan Valley,5,0,"450,855","195,048",0,"645,903"
2010,2011,Public,0,Region III - Central Luzon,6,0,"1,429,093","583,896",0,"2,012,989"
2010,2011,Public,0,Region IV-A - CALABARZON,7,0,"1,660,065","698,026",0,"2,358,091"
2010,2011,Public,0,Region IV-B - MIMAROPA,8,0,"508,155","186,293",0,"694,448"
2010,2011,Public,0,Region V - Bicol Region,10,0,"1,074,029","381,209",0,"1,455,238"
2010,2011,Public,0,Region VI - Western Visayas,11,0,"1,091,834","470,900",0,"1,562,734"
2010,2011,Public,0,Region VII - Central Visayas,12,0,"1,098,109","412,049",0,"1,510,158"
2010,2011,Public,0,Region VIII - Eastern Visayas,13,0,"777,899","288,339",0,"1,066,238"
2010,2011,Public,0,Region IX - Zamboanga Peninsula,9,0,"627,117","210,189",0,"837,306"
2010,2011,Public,0,Region X - Northern Mindanao,14,0,"699,666","229,500",0,"929,166"
2010,2011,Public,0,Region XI - Davao Region,15,0,"698,488","245,000",0,"943,488"
2010,2011,Public,0,Region XII - Soccsksargen,16,0,"671,948","231,294",0,"903,242"
2010,2011,Public,0,CARAGA - CARAGA,2,0,"443,507","157,126",0,"600,633"
2010,2011,Public,0,BARMM - Bangsamoro Autonomous Region in Muslim Mindanao,0,0,"766,468","177,415",0,"943,883"
2010,2011,Public,0,CAR - Cordillera Administrative Region,1,0,"236,816","86,817",0,"323,633"
2010,2011,Public,0,NCR - National Capital Region,3,0,"1,301,504","672,462",0,"1,973,966"
2011,2012,Public,0,Region I - Ilocos Region,4,0,"717,753","300,037",0,"1,017,790"
2011,2012,Public,0,Region II - Cagayan Valley,5,0,"486,329","194,409",0,"680,738"
2011,2012,Public,0,Region III - Central Luzon,6,0,"1,461,183","591,251",0,"2,052,434"
2011,2012,Public,0,Region IV-A - CALABARZON,7,0,"1,742,772","715,219",0,"2,457,991"
2011,2012,Public,0,Region IV-B - MIMAROPA,8,0,"537,109","188,972",0,"726,081"
2011,2012,Public,0,Region V - Bicol Region,10,0,"1,119,296","389,582",0,"1,508,878"
2011,2012,Public,0,Region VI - Western Visayas,11,0,"1,159,357","470,352",0,"1,629,709"
2011,2012,Public,0,Region VII - Central Visayas,12,0,"1,150,513","415,315",0,"1,565,828"
2011,2012,Public,0,Region VIII - Eastern Visayas,13,0,"805,453","292,441",0,"1,097,894"
2011,2012,Public,0,Region IX - Zamboanga Peninsula,9,0,"659,331","213,082",0,"872,413"
2011,2012,Public,0,Region X - Northern Mindanao,14,0,"760,533","230,578",0,"991,111"
2011,2012,Public,0,Region XI - Davao Region,15,0,"745,378","247,004",0,"992,382"
2011,2012,Public,0,Region XII - Soccsksargen,16,0,"718,458","234,371",0,"952,829"
2011,2012,Public,0,CARAGA - CARAGA,2,0,"455,911","158,265",0,"614,176"
2011,2012,Public,0,BARMM - Bangsamoro Autonomous Region in Muslim Mindanao,0,0,"770,996","174,482",0,"945,478"
2011,2012,Public,0,CAR - Cordillera Administrative Region,1,0,"247,740","86,468",0,"334,208"
2011,2012,Public,0,NCR - National Capital Region,3,0,"1,360,030","674,237",0,"2,034,267"
2012,2013,Public,0,Region I - Ilocos Region,4,0,"725,305","304,047",0,"1,029,352"
2012,2013,Public,0,Region II - Cagayan Valley,5,0,"501,138","193,387",0,"694,525"
2012,2013,Public,0,Region III - Central Luzon,6,0,"1,486,751","602,304",0,"2,089,055"
2012,2013,Public,0,Region IV-A - CALABARZON,7,0,"1,801,832","737,463",0,"2,539,295"
2012,2013,Public,0,Region IV-B - MIMAROPA,8,0,"541,055","194,223",0,"735,278"
2012,2013,Public,0,Region V - Bicol Region,10,0,"1,120,452","397,002",0,"1,517,454"
2012,2013,Public,0,Region VI - Western Visayas,11,0,"1,182,696","468,552",0,"1,651,248"
2012,2013,Public,0,Region VII - Central Visayas,12,0,"1,167,896","427,667",0,"1,595,563"
2012,2013,Public,0,Region VIII - Eastern Visayas,13,0,"804,074","300,212",0,"1,104,286"
2012,2013,Public,0,Region IX - Zamboanga Peninsula,9,0,"661,330","210,414",0,"871,744"
2012,2013,Public,0,Region X - Northern Mindanao,14,0,"758,256","231,228",0,"989,484"
2012,2013,Public,0,Region XI - Davao Region,15,0,"766,839","250,690",0,"1,017,529"
2012,2013,Public,0,Region XII - Soccsksargen,16,0,"723,918","236,769",0,"960,687"
2012,2013,Public,0,CARAGA - CARAGA,2,0,"456,582","159,750",0,"616,332"
2012,2013,Public,0,BARMM - Bangsamoro Autonomous Region in Muslim Mindanao,0,0,"716,128","160,101",0,"876,229"
2012,2013,Public,0,CAR - Cordillera Administrative Region,1,0,"246,875","87,433",0,"334,308"
2012,2013,Public,0,NCR - National Capital Region,3,0,"1,371,867","680,656",0,"2,052,523"
2013,2014,Public,0,Region I - Ilocos Region,4,0,"728,910","311,396",0,"1,040,306"
2013,2014,Public,0,Region II - Cagayan Valley,5,0,"508,954","195,536",0,"704,490"
2013,2014,Public,0,Region III - Central Luzon,6,0,"1,526,637","626,950",0,"2,153,587"
2013,2014,Public,0,Region IV-A - CALABARZON,7,0,"1,818,590","744,253",0,"2,562,843"
2013,2014,Public,0,Region IV-B - MIMAROPA,8,0,"538,840","200,070",0,"738,910"
2013,2014,Public,0,Region V - Bicol Region,10,0,"1,120,982","412,727",0,"1,533,709"
2013,2014,Public,0,Region VI - Western Visayas,11,0,"1,195,683","476,896",0,"1,672,579"
2013,2014,Public,0,Region VII - Central Visayas,12,0,"1,180,443","441,264",0,"1,621,707"
2013,2014,Public,0,Region VIII - Eastern Visayas,13,0,"793,876","312,449",0,"1,106,325"
2013,2014,Public,0,Region IX - Zamboanga Peninsula,9,0,"639,850","209,606",0,"849,456"
2013,2014,Public,0,Region X - Northern Mindanao,14,0,"757,236","237,238",0,"994,474"
2013,2014,Public,0,Region XI - Davao Region,15,0,"782,077","256,465",0,"1,038,542"
2013,2014,Public,0,Region XII - Soccsksargen,16,0,"724,223","239,896",0,"964,119"
2013,2014,Public,0,CARAGA - CARAGA,2,0,"460,945","165,143",0,"626,088"
2013,2014,Public,0,BARMM - Bangsamoro Autonomous Region in Muslim Mindanao,0,0,"695,979","162,266",0,"858,245"
2013,2014,Public,0,CAR - Cordillera Administrative Region,1,0,"248,074","90,310",0,"338,384"
2013,2014,Public,0,NCR - National Capital Region,3,0,"1,390,356","690,113",0,"2,080,469"
2014,2015,Public,0,Region I - Ilocos Region,4,0,"724,301","315,405",0,"1,039,706"
2014,2015,Public,0,Region II - Cagayan Valley,5,0,"508,447","197,210",0,"705,657"
2014,2015,Public,0,Region III - Central Luzon,6,0,"1,527,807","638,321",0,"2,166,128"
2014,2015,Public,0,Region IV-A - CALABARZON,7,0,"1,859,473","777,554",0,"2,637,027"
2014,2015,Public,0,Region IV-B - MIMAROPA,8,0,"537,239","206,565",0,"743,804"
2014,2015,Public,0,Region V - Bicol Region,10,0,"1,098,314","428,206",0,"1,526,520"
2014,2015,Public,0,Region VI - Western Visayas,11,0,"1,194,262","488,379",0,"1,682,641"
2014,2015,Public,0,Region VII - Central Visayas,12,0,"1,177,715","456,528",0,"1,634,243"
2014,2015,Public,0,Region VIII - Eastern Visayas,13,0,"784,027","316,783",0,"1,100,810"
2014,2015,Public,0,Region IX - Zamboanga Peninsula,9,0,"654,784","221,941",0,"876,725"
2014,2015,Public,0,Region X - Northern Mindanao,14,0,"760,080","247,217",0,"1,007,297"
2014,2015,Public,0,Region XI - Davao Region,15,0,"793,405","273,594",0,"1,066,999"
2014,2015,Public,0,Region XII - Soccsksargen,16,0,"746,858","259,067",0,"1,005,925"
2014,2015,Public,0,CARAGA - CARAGA,2,0,"463,821","173,478",0,"637,299"
2014,2015,Public,0,BARMM - Bangsamoro Autonomous Region in Muslim Mindanao,0,0,"635,879","148,084",0,"783,963"
2014,2015,Public,0,CAR - Cordillera Administrative Region,1,0,"244,693","92,381",0,"337,074"
2014,2015,Public,0,NCR - National Capital Region,3,0,"1,366,443","685,318",0,"2,051,761"
2015,2016,Public,0,Region I - Ilocos Region,4,0,"708,852","316,691",0,"1,025,543"
2015,2016,Public,0,Region II - Cagayan Valley,5,0,"506,728","200,203",0,"706,931"
2015,2016,Public,0,Region III - Central Luzon,6,0,"1,522,197","650,061",0,"2,172,258"
2015,2016,Public,0,Region IV-A - CALABARZON,7,0,"1,856,868","795,909",0,"2,652,777"
2015,2016,Public,0,Region IV-B - MIMAROPA,8,0,"531,269","211,807",0,"743,076"
2015,2016,Public,0,Region V - Bicol Region,10,0,"1,071,209","437,533",0,"1,508,742"
2015,2016,Public,0,Region VI - Western Visayas,11,0,"1,171,357","492,452",0,"1,663,809"
2015,2016,Public,0,Region VII - Central Visayas,12,0,"1,158,734","467,744",0,"1,626,478"
2015,2016,Public,0,Region VIII - Eastern Visayas,13,0,"766,456","326,152",0,"1,092,608"
2015,2016,Public,0,Region IX - Zamboanga Peninsula,9,0,"638,874","227,762",0,"866,636"
2015,2016,Public,0,Region X - Northern Mindanao,14,0,"758,032","252,698",0,"1,010,730"
2015,2016,Public,0,Region XI - Davao Region,15,0,"791,036","283,756",0,"1,074,792"
2015,2016,Public,0,Region XII - Soccsksargen,16,0,"740,933","265,728",0,"1,006,661"
2015,2016,Public,0,CARAGA - CARAGA,2,0,"461,460","178,122",0,"639,582"
2015,2016,Public,0,BARMM - Bangsamoro Autonomous Region in Muslim Mindanao,0,0,"594,164","138,821",0,"732,985"
2015,2016,Public,0,CAR - Cordillera Administrative Region,1,0,"239,868","93,953",0,"333,821"
2015,2016,Public,0,NCR - National Capital Region,3,0,"1,334,721","671,545",0,"2,006,266"
2016,2017,Public,0,Region I - Ilocos Region,4,1,"681,650","323,303","51,625","1,056,578"
2016,2017,Public,0,Region II - Cagayan Valley,5,1,"492,695","205,491","31,517","729,703"
2016,2017,Public,0,Region III - Central Luzon,6,1,"1,478,061","663,906","75,830","2,217,797"
2016,2017,Public,0,Region IV-A - CALABARZON,7,1,"1,831,540","819,958","75,896","2,727,394"
2016,2017,Public,0,Region IV-B - MIMAROPA,8,1,"513,955","217,082","30,741","761,778"
2016,2017,Public,0,Region V - Bicol Region,10,1,"1,027,214","452,526","65,459","1,545,199"
2016,2017,Public,0,Region VI - Western Visayas,11,1,"1,130,395","502,730","79,320","1,712,445"
2016,2017,Public,0,Region VII - Central Visayas,12,1,"1,120,882","482,586","57,360","1,660,828"
2016,2017,Public,0,Region VIII - Eastern Visayas,13,1,"735,399","335,245","52,394","1,123,038"
2016,2017,Public,0,Region IX - Zamboanga Peninsula,9,1,"618,851","239,965","24,715","883,531"
2016,2017,Public,0,Region X - Northern Mindanao,14,1,"744,665","264,074","35,610","1,044,349"
2016,2017,Public,0,Region XI - Davao Region,15,1,"756,948","301,222","30,075","1,088,245"
2016,2017,Public,0,Region XII - Soccsksargen,16,1,"720,020","274,267","38,984","1,033,271"
2016,2017,Public,0,CARAGA - CARAGA,2,1,"447,517","185,696","23,074","656,287"
2016,2017,Public,0,BARMM - Bangsamoro Autonomous Region in Muslim Mindanao,0,1,"603,455","138,261","14,307","756,023"
2016,2017,Public,0,CAR - Cordillera Administrative Region,1,1,"231,438","95,712","10,811","337,961"
2016,2017,Public,0,NCR - National Capital Region,3,1,"1,305,754","673,924","34,263","2,013,941"
2017,2018,Public,0,Region I - Ilocos Region,4,1,"672,026","332,205","100,980","1,105,211"
2017,2018,Public,0,Region II - Cagayan Valley,5,1,"490,491","211,445","61,394","763,330"
2017,2018,Public,0,Region III - Central Luzon,6,1,"1,472,116","675,581","140,422","2,288,119"
2017,2018,Public,0,Region IV-A - CALABARZON,7,1,"1,838,596","848,434","145,547","2,832,577"
2017,2018,Public,0,Region IV-B - MIMAROPA,8,1,"504,783","227,871","57,276","789,930"
2017,2018,Public,0,Region V - Bicol Region,10,1,"999,895","478,451","126,943","1,605,289"
2017,2018,Public,0,Region VI - Western Visayas,11,1,"1,109,513","526,919","147,356","1,783,788"
2017,2018,Public,0,Region VII - Central Visayas,12,1,"1,102,318","500,753","118,073","1,721,144"
2017,2018,Public,0,Region VIII - Eastern Visayas,13,1,"717,578","349,000","95,907","1,162,485"
2017,2018,Public,0,Region IX - Zamboanga Peninsula,9,1,"603,658","257,690","47,582","908,930"
2017,2018,Public,0,Region X - Northern Mindanao,14,1,"738,254","280,185","62,974","1,081,413"
2017,2018,Public,0,Region XI - Davao Region,15,1,"746,070","322,283","57,620","1,125,973"
2017,2018,Public,0,Region XII - Soccsksargen,16,1,"714,246","290,838","69,644","1,074,728"
2017,2018,Public,0,CARAGA - CARAGA,2,1,"439,641","196,235","46,806","682,682"
2017,2018,Public,0,BARMM - Bangsamoro Autonomous Region in Muslim Mindanao,0,1,"582,260","135,163","26,400","743,823"
2017,2018,Public,0,CAR - Cordillera Administrative Region,1,1,"226,127","97,487","20,423","344,037"
2017,2018,Public,0,NCR - National Capital Region,3,1,"1,279,788","678,787","69,795","2,028,370"
2018,2019,Public,0,Region I - Ilocos Region,4,1,"663,211","346,265","112,032","1,121,508"
2018,2019,Public,0,Region II - Cagayan Valley,5,1,"490,556","224,708","69,410","784,674"
2018,2019,Public,0,Region III - Central Luzon,6,1,"1,476,123","706,740","158,236","2,341,099"
2018,2019,Public,0,Region IV-A - CALABARZON,7,1,"1,845,363","906,146","165,400","2,916,909"
2018,2019,Public,0,Region IV-B - MIMAROPA,8,1,"498,053","239,905","64,390","802,348"
2018,2019,Public,0,Region V - Bicol Region,10,1,"965,968","514,971","145,237","1,626,176"
2018,2019,Public,0,Region VI - Western Visayas,11,1,"1,075,565","574,057","160,311","1,809,933"
2018,2019,Public,0,Region VII - Central Visayas,12,1,"1,074,158","548,666","135,113","1,757,937"
2018,2019,Public,0,Region VIII - Eastern Visayas,13,1,"700,670","365,901","108,129","1,174,700"
2018,2019,Public,0,Region IX - Zamboanga Peninsula,9,1,"588,948","286,008","60,522","935,478"
2018,2019,Public,0,Region X - Northern Mindanao,14,1,"732,305","307,911","72,542","1,112,758"
2018,2019,Public,0,Region XI - Davao Region,15,1,"729,479","353,185","72,351","1,155,015"
2018,2019,Public,0,Region XII - Soccsksargen,16,1,"707,926","313,220","80,825","1,101,971"
2018,2019,Public,0,CARAGA - CARAGA,2,1,"435,975","208,197","56,735","700,907"
2018,2019,Public,0,BARMM - Bangsamoro Autonomous Region in Muslim Mindanao,0,1,"585,548","144,234","28,422","758,204"
2018,2019,Public,0,CAR - Cordillera Administrative Region,1,1,"223,420","102,295","24,149","349,864"
2018,2019,Public,0,NCR - National Capital Region,3,1,"1,270,337","697,840","85,833","2,054,010"
2019,2020,Public,0,Region I - Ilocos Region,4,1,"637,338","353,471","120,661","1,111,470"
2019,2020,Public,0,Region II - Cagayan Valley,5,1,"476,909","231,981","76,346","785,236"
2019,2020,Public,0,Region III - Central Luzon,6,1,"1,440,188","728,337","172,365","2,340,890"
2019,2020,Public,0,Region IV-A - CALABARZON,7,1,"1,819,152","937,290","180,695","2,937,137"
2019,2020,Public,0,Region IV-B - MIMAROPA,8,1,"488,304","243,091","72,400","803,795"
2019,2020,Public,0,Region V - Bicol Region,10,1,"942,422","514,819","156,663","1,613,904"
2019,2020,Public,0,Region VI - Western Visayas,11,1,"1,036,793","585,986","176,521","1,799,300"
2019,2020,Public,0,Region VII - Central Visayas,12,1,"1,050,085","555,366","151,009","1,756,460"
2019,2020,Public,0,Region VIII - Eastern Visayas,13,1,"679,646","369,163","120,341","1,169,150"
2019,2020,Public,0,Region IX - Zamboanga Peninsula,9,1,"578,799","292,964","70,183","941,946"
2019,2020,Public,0,Region X - Northern Mindanao,14,1,"720,872","321,667","81,394","1,123,933"
2019,2020,Public,0,Region XI - Davao Region,15,1,"711,299","366,436","80,445","1,158,180"
2019,2020,Public,0,Region XII - Soccsksargen,16,1,"692,812","327,446","88,112","1,108,370"
2019,2020,Public,0,CARAGA - CARAGA,2,1,"427,151","212,274","62,881","702,306"
2019,2020,Public,0,BARMM - Bangsamoro Autonomous Region in Muslim Mindanao,0,1,"582,686","154,760","33,911","771,357"
2019,2020,Public,0,CAR - Cordillera Administrative Region,1,1,"215,533","103,167","26,664","345,364"
2019,2020,Public,0,NCR - National Capital Region,3,1,"1,243,679","704,215","96,227","2,044,121"
2020,2021,Public,0,Region I - Ilocos Region,4,1,"642,888","362,567","134,111","1,139,566"
2020,2021,Public,0,Region II - Cagayan Valley,5,1,"483,249","247,604","87,035","817,888"
2020,2021,Public,0,Region III - Central Luzon,6,1,"1,446,404","746,367","200,235","2,393,006"
2020,2021,Public,0,Region IV-A - CALABARZON,7,1,"1,829,632","955,285","206,990","2,991,907"
2020,2021,Public,0,Region IV-B - MIMAROPA,8,1,"487,659","242,107","81,483","811,249"
2020,2021,Public,0,Region V - Bicol Region,10,1,"902,169","466,447","153,851","1,522,467"
2020,2021,Public,0,Region VI - Western Visayas,11,1,"1,037,049","609,300","200,555","1,846,904"
2020,2021,Public,0,Region VII - Central Visayas,12,1,"1,040,762","545,651","166,333","1,752,746"
2020,2021,Public,0,Region VIII - Eastern Visayas,13,1,"678,933","375,109","133,025","1,187,067"
2020,2021,Public,0,Region IX - Zamboanga Peninsula,9,1,"562,205","302,414","82,695","947,314"
2020,2021,Public,0,Region X - Northern Mindanao,14,1,"711,556","328,315","91,784","1,131,655"
2020,2021,Public,0,Region XI - Davao Region,15,1,"687,368","357,568","91,934","1,136,870"
2020,2021,Public,0,Region XII - Soccsksargen,16,1,"686,531","338,085","100,421","1,125,037"
2020,2021,Public,0,CARAGA - CARAGA,2,1,"426,462","217,964","72,409","716,835"
2020,2021,Public,0,BARMM - Bangsamoro Autonomous Region in Muslim Mindanao,0,1,"562,110","153,509","39,268","754,887"
2020,2021,Public,0,CAR - Cordillera Administrative Region,1,1,"218,767","104,490","32,652","355,909"
2020,2021,Public,0,NCR - National Capital Region,3,1,"1,223,147","689,595","112,399","2,025,141"
2010,2011,Private,1,Region I - Ilocos Region,4,0,"66,836","70,864",0,"137,700"
2010,2011,Private,1,Region II - Cagayan Valley,5,0,"36,416","46,042",0,"82,458"
2010,2011,Private,1,Region III - Central Luzon,6,0,"225,183","186,565",0,"411,748"
2010,2011,Private,1,Region IV-A - CALABARZON,7,0,"328,758","244,590",0,"573,348"
2010,2011,Private,1,Region IV-B - MIMAROPA,8,0,"21,987","31,027",0,"53,014"
2010,2011,Private,1,Region V - Bicol Region,10,0,"45,775","59,441",0,"105,216"
2010,2011,Private,1,Region VI - Western Visayas,11,0,"77,293","75,556",0,"152,849"
2010,2011,Private,1,Region VII - Central Visayas,12,0,"103,903","111,226",0,"215,129"
2010,2011,Private,1,Region VIII - Eastern Visayas,13,0,"26,152","36,482",0,"62,634"
2010,2011,Private,1,Region IX - Zamboanga Peninsula,9,0,"22,126","28,276",0,"50,402"
2010,2011,Private,1,Region X - Northern Mindanao,14,0,"54,330","71,401",0,"125,731"
2010,2011,Private,1,Region XI - Davao Region,15,0,"65,528","53,011",0,"118,539"
2010,2011,Private,1,Region XII - Soccsksargen,16,0,"47,426","55,747",0,"103,173"
2010,2011,Private,1,CARAGA - CARAGA,2,0,"16,425","24,826",0,"41,251"
2010,2011,Private,1,BARMM - Bangsamoro Autonomous Region in Muslim Mindanao,0,0,"17,335","28,540",0,"45,875"
2010,2011,Private,1,CAR - Cordillera Administrative Region,1,0,"29,586","33,539",0,"63,125"
2010,2011,Private,1,NCR - National Capital Region,3,0,"387,921","217,577",0,"605,498"
2011,2012,Private,1,Region I - Ilocos Region,4,0,"66,182","70,653",0,"136,835"
2011,2012,Private,1,Region II - Cagayan Valley,5,0,"36,728","46,006",0,"82,734"
2011,2012,Private,1,Region III - Central Luzon,6,0,"223,014","184,820",0,"407,834"
2011,2012,Private,1,Region IV-A - CALABARZON,7,0,"361,756","262,664",0,"624,420"
2011,2012,Private,1,Region IV-B - MIMAROPA,8,0,"22,425","31,237",0,"53,662"
2011,2012,Private,1,Region V - Bicol Region,10,0,"47,487","60,125",0,"107,612"
2011,2012,Private,1,Region VI - Western Visayas,11,0,"85,015","77,332",0,"162,347"
2011,2012,Private,1,Region VII - Central Visayas,12,0,"105,575","113,092",0,"218,667"
2011,2012,Private,1,Region VIII - Eastern Visayas,13,0,"25,695","37,320",0,"63,015"
2011,2012,Private,1,Region IX - Zamboanga Peninsula,9,0,"23,071","30,012",0,"53,083"
2011,2012,Private,1,Region X - Northern Mindanao,14,0,"53,337","67,762",0,"121,099"
2011,2012,Private,1,Region XI - Davao Region,15,0,"64,407","55,558",0,"119,965"
2011,2012,Private,1,Region XII - Soccsksargen,16,0,"49,898","55,414",0,"105,312"
2011,2012,Private,1,CARAGA - CARAGA,2,0,"16,977","25,005",0,"41,982"
2011,2012,Private,1,BARMM - Bangsamoro Autonomous Region in Muslim Mindanao,0,0,"17,882","31,255",0,"49,137"
2011,2012,Private,1,CAR - Cordillera Administrative Region,1,0,"33,842","34,295",0,"68,137"
2011,2012,Private,1,NCR - National Capital Region,3,0,"393,738","231,663",0,"625,401"
2012,2013,Private,1,Region I - Ilocos Region,4,0,"64,526","70,883",0,"135,409"
2012,2013,Private,1,Region II - Cagayan Valley,5,0,"37,371","46,171",0,"83,542"
2012,2013,Private,1,Region III - Central Luzon,6,0,"226,420","184,024",0,"410,444"
2012,2013,Private,1,Region IV-A - CALABARZON,7,0,"374,965","265,408",0,"640,373"
2012,2013,Private,1,Region IV-B - MIMAROPA,8,0,"23,608","31,478",0,"55,086"
2012,2013,Private,1,Region V - Bicol Region,10,0,"48,327","60,632",0,"108,959"
2012,2013,Private,1,Region VI - Western Visayas,11,0,"98,679","77,380",0,"176,059"
2012,2013,Private,1,Region VII - Central Visayas,12,0,"107,000","108,491",0,"215,491"
2012,2013,Private,1,Region VIII - Eastern Visayas,13,0,"27,053","37,294",0,"64,347"
2012,2013,Private,1,Region IX - Zamboanga Peninsula,9,0,"25,340","29,069",0,"54,409"
2012,2013,Private,1,Region X - Northern Mindanao,14,0,"55,132","71,923",0,"127,055"
2012,2013,Private,1,Region XI - Davao Region,15,0,"69,705","58,287",0,"127,992"
2012,2013,Private,1,Region XII - Soccsksargen,16,0,"53,471","56,421",0,"109,892"
2012,2013,Private,1,CARAGA - CARAGA,2,0,"19,041","25,410",0,"44,451"
2012,2013,Private,1,BARMM - Bangsamoro Autonomous Region in Muslim Mindanao,0,0,"26,195","34,665",0,"60,860"
2012,2013,Private,1,CAR - Cordillera Administrative Region,1,0,"34,808","35,297",0,"70,105"
2012,2013,Private,1,NCR - National Capital Region,3,0,"382,197","228,248",0,"610,445"
2013,2014,Private,1,Region I - Ilocos Region,4,0,"63,713","69,532",0,"133,245"
2013,2014,Private,1,Region II - Cagayan Valley,5,0,"37,874","45,515",0,"83,389"
2013,2014,Private,1,Region III - Central Luzon,6,0,"223,651","180,166",0,"403,817"
2013,2014,Private,1,Region IV-A - CALABARZON,7,0,"364,964","246,689",0,"611,653"
2013,2014,Private,1,Region IV-B - MIMAROPA,8,0,"20,485","29,591",0,"50,076"
2013,2014,Private,1,Region V - Bicol Region,10,0,"47,712","61,864",0,"109,576"
2013,2014,Private,1,Region VI - Western Visayas,11,0,"99,583","76,147",0,"175,730"
2013,2014,Private,1,Region VII - Central Visayas,12,0,"107,986","103,950",0,"211,936"
2013,2014,Private,1,Region VIII - Eastern Visayas,13,0,"26,913","35,107",0,"62,020"
2013,2014,Private,1,Region IX - Zamboanga Peninsula,9,0,"25,399","26,271",0,"51,670"
2013,2014,Private,1,Region X - Northern Mindanao,14,0,"53,604","67,890",0,"121,494"
2013,2014,Private,1,Region XI - Davao Region,15,0,"69,375","55,845",0,"125,220"
2013,2014,Private,1,Region XII - Soccsksargen,16,0,"53,885","59,020",0,"112,905"
2013,2014,Private,1,CARAGA - CARAGA,2,0,"19,841","24,915",0,"44,756"
2013,2014,Private,1,BARMM - Bangsamoro Autonomous Region in Muslim Mindanao,0,0,"25,306","27,504",0,"52,810"
2013,2014,Private,1,CAR - Cordillera Administrative Region,1,0,"31,835","34,766",0,"66,601"
2013,2014,Private,1,NCR - National Capital Region,3,0,"350,442","208,548",0,"558,990"
2014,2015,Private,1,Region I - Ilocos Region,4,0,"64,057","69,532",0,"133,589"
2014,2015,Private,1,Region II - Cagayan Valley,5,0,"37,328","45,515",0,"82,843"
2014,2015,Private,1,Region III - Central Luzon,6,0,"220,830","180,166",0,"400,996"
2014,2015,Private,1,Region IV-A - CALABARZON,7,0,"339,102","246,689",0,"585,791"
2014,2015,Private,1,Region IV-B - MIMAROPA,8,0,"19,395","29,591",0,"48,986"
2014,2015,Private,1,Region V - Bicol Region,10,0,"49,891","61,864",0,"111,755"
2014,2015,Private,1,Region VI - Western Visayas,11,0,"98,635","76,147",0,"174,782"
2014,2015,Private,1,Region VII - Central Visayas,12,0,"99,863","103,950",0,"203,813"
2014,2015,Private,1,Region VIII - Eastern Visayas,13,0,"25,905","35,107",0,"61,012"
2014,2015,Private,1,Region IX - Zamboanga Peninsula,9,0,"24,072","26,271",0,"50,343"
2014,2015,Private,1,Region X - Northern Mindanao,14,0,"56,073","67,890",0,"123,963"
2014,2015,Private,1,Region XI - Davao Region,15,0,"66,988","55,845",0,"122,833"
2014,2015,Private,1,Region XII - Soccsksargen,16,0,"54,988","59,020",0,"114,008"
2014,2015,Private,1,CARAGA - CARAGA,2,0,"20,333","24,915",0,"45,248"
2014,2015,Private,1,BARMM - Bangsamoro Autonomous Region in Muslim Mindanao,0,0,"23,438","27,504",0,"50,942"
2014,2015,Private,1,CAR - Cordillera Administrative Region,1,0,"30,846","34,766",0,"65,612"
2014,2015,Private,1,NCR - National Capital Region,3,0,"343,463","208,548",0,"552,011"
2015,2016,Private,1,Region I - Ilocos Region,4,0,"62,279","67,674",0,"129,953"
2015,2016,Private,1,Region II - Cagayan Valley,5,0,"36,636","44,761",0,"81,397"
2015,2016,Private,1,Region III - Central Luzon,6,0,"208,972","168,745",0,"377,717"
2015,2016,Private,1,Region IV-A - CALABARZON,7,0,"315,314","241,236",0,"556,550"
2015,2016,Private,1,Region IV-B - MIMAROPA,8,0,"22,526","31,373",0,"53,899"
2015,2016,Private,1,Region V - Bicol Region,10,0,"49,279","60,059",0,"109,338"
2015,2016,Private,1,Region VI - Western Visayas,11,0,"105,218","75,009",0,"180,227"
2015,2016,Private,1,Region VII - Central Visayas,12,0,"103,191","105,793",0,"208,984"
2015,2016,Private,1,Region VIII - Eastern Visayas,13,0,"25,208","33,466",0,"58,674"
2015,2016,Private,1,Region IX - Zamboanga Peninsula,9,0,"26,091","28,294",0,"54,385"
2015,2016,Private,1,Region X - Northern Mindanao,14,0,"54,612","67,386",0,"121,998"
2015,2016,Private,1,Region XI - Davao Region,15,0,"68,321","56,374",0,"124,695"
2015,2016,Private,1,Region XII - Soccsksargen,16,0,"51,990","57,548",0,"109,538"
2015,2016,Private,1,CARAGA - CARAGA,2,0,"18,973","25,172",0,"44,145"
2015,2016,Private,1,BARMM - Bangsamoro Autonomous Region in Muslim Mindanao,0,0,"15,432","21,673",0,"37,105"
2015,2016,Private,1,CAR - Cordillera Administrative Region,1,0,"28,978","34,454",0,"63,432"
2015,2016,Private,1,NCR - National Capital Region,3,0,"356,642","218,369",0,"575,011"
2016,2017,Private,1,Region I - Ilocos Region,4,1,"54,136","67,230","24,265","145,631"
2016,2017,Private,1,Region II - Cagayan Valley,5,1,"31,892","44,001","15,975","91,868"
2016,2017,Private,1,Region III - Central Luzon,6,1,"190,991","174,188","83,401","448,580"
2016,2017,Private,1,Region IV-A - CALABARZON,7,1,"314,424","251,916","129,023","695,363"
2016,2017,Private,1,Region IV-B - MIMAROPA,8,1,"19,956","31,051","10,624","61,631"
2016,2017,Private,1,Region V - Bicol Region,10,1,"43,316","59,852","22,101","125,269"
2016,2017,Private,1,Region VI - Western Visayas,11,1,"80,542","76,556","32,799","189,897"
2016,2017,Private,1,Region VII - Central Visayas,12,1,"93,539","103,542","47,777","244,858"
2016,2017,Private,1,Region VIII - Eastern Visayas,13,1,"22,557","34,536","13,103","70,196"
2016,2017,Private,1,Region IX - Zamboanga Peninsula,9,1,"19,726","27,882","17,653","65,261"
2016,2017,Private,1,Region X - Northern Mindanao,14,1,"49,833","67,058","24,350","141,241"
2016,2017,Private,1,Region XI - Davao Region,15,1,"62,908","59,018","32,728","154,654"
2016,2017,Private,1,Region XII - Soccsksargen,16,1,"45,538","56,220","21,994","123,752"
2016,2017,Private,1,CARAGA - CARAGA,2,1,"17,072","25,295","12,859","55,226"
2016,2017,Private,1,BARMM - Bangsamoro Autonomous Region in Muslim Mindanao,0,1,"21,675","29,492","7,037","58,204"
2016,2017,Private,1,CAR - Cordillera Administrative Region,1,1,"26,685","34,239","13,267","74,191"
2016,2017,Private,1,NCR - National Capital Region,3,1,"309,145","191,765","152,699","653,609"
2017,2018,Private,1,Region I - Ilocos Region,4,1,"54,181","67,392","45,213","166,786"
2017,2018,Private,1,Region II - Cagayan Valley,5,1,"31,913","43,993","29,131","105,037"
2017,2018,Private,1,Region III - Central Luzon,6,1,"190,187","176,641","163,762","530,590"
2017,2018,Private,1,Region IV-A - CALABARZON,7,1,"324,579","260,596","249,893","835,068"
2017,2018,Private,1,Region IV-B - MIMAROPA,8,1,"20,187","31,211","20,960","72,358"
2017,2018,Private,1,Region V - Bicol Region,10,1,"43,981","62,402","43,586","149,969"
2017,2018,Private,1,Region VI - Western Visayas,11,1,"81,213","78,752","64,117","224,082"
2017,2018,Private,1,Region VII - Central Visayas,12,1,"96,405","106,541","92,695","295,641"
2017,2018,Private,1,Region VIII - Eastern Visayas,13,1,"22,621","35,922","24,974","83,517"
2017,2018,Private,1,Region IX - Zamboanga Peninsula,9,1,"21,302","28,696","31,364","81,362"
2017,2018,Private,1,Region X - Northern Mindanao,14,1,"49,899","67,479","46,194","163,572"
2017,2018,Private,1,Region XI - Davao Region,15,1,"63,576","60,203","58,664","182,443"
2017,2018,Private,1,Region XII - Soccsksargen,16,1,"47,567","57,065","41,258","145,890"
2017,2018,Private,1,CARAGA - CARAGA,2,1,"17,666","26,664","23,127","67,457"
2017,2018,Private,1,BARMM - Bangsamoro Autonomous Region in Muslim Mindanao,0,1,"20,420","25,178","11,197","56,795"
2017,2018,Private,1,CAR - Cordillera Administrative Region,1,1,"26,330","34,152","26,399","86,881"
2017,2018,Private,1,NCR - National Capital Region,3,1,"326,106","200,243","276,470","802,819"
2018,2019,Private,1,Region I - Ilocos Region,4,1,"57,635","68,209","45,457","171,301"
2018,2019,Private,1,Region II - Cagayan Valley,5,1,"34,450","44,537","31,414","110,401"
2018,2019,Private,1,Region III - Central Luzon,6,1,"200,663","180,963","177,985","559,611"
2018,2019,Private,1,Region IV-A - CALABARZON,7,1,"337,570","267,598","263,216","868,384"
2018,2019,Private,1,Region IV-B - MIMAROPA,8,1,"21,125","31,160","22,778","75,063"
2018,2019,Private,1,Region V - Bicol Region,10,1,"48,689","66,028","47,022","161,739"
2018,2019,Private,1,Region VI - Western Visayas,11,1,"84,372","83,001","67,679","235,052"
2018,2019,Private,1,Region VII - Central Visayas,12,1,"101,870","116,111","101,304","319,285"
2018,2019,Private,1,Region VIII - Eastern Visayas,13,1,"23,652","36,784","26,363","86,799"
2018,2019,Private,1,Region IX - Zamboanga Peninsula,9,1,"23,383","31,458","32,611","87,452"
2018,2019,Private,1,Region X - Northern Mindanao,14,1,"53,365","70,201","49,874","173,440"
2018,2019,Private,1,Region XI - Davao Region,15,1,"65,999","63,511","64,430","193,940"
2018,2019,Private,1,Region XII - Soccsksargen,16,1,"49,700","59,198","44,989","153,887"
2018,2019,Private,1,CARAGA - CARAGA,2,1,"19,607","28,071","23,257","70,935"
2018,2019,Private,1,BARMM - Bangsamoro Autonomous Region in Muslim Mindanao,0,1,"31,732","30,968","15,740","78,440"
2018,2019,Private,1,CAR - Cordillera Administrative Region,1,1,"27,253","34,688","27,565","89,506"
2018,2019,Private,1,NCR - National Capital Region,3,1,"347,060","209,331","298,267","854,658"
2019,2020,Private,1,Region I - Ilocos Region,4,1,"55,850","67,492","46,154","169,496"
2019,2020,Private,1,Region II - Cagayan Valley,5,1,"33,640","44,997","30,588","109,225"
2019,2020,Private,1,Region III - Central Luzon,6,1,"195,473","181,862","178,500","555,835"
2019,2020,Private,1,Region IV-A - CALABARZON,7,1,"331,082","272,157","270,022","873,261"
2019,2020,Private,1,Region IV-B - MIMAROPA,8,1,"21,707","31,589","21,649","74,945"
2019,2020,Private,1,Region V - Bicol Region,10,1,"48,429","67,212","48,999","164,640"
2019,2020,Private,1,Region VI - Western Visayas,11,1,"82,215","85,318","68,765","236,298"
2019,2020,Private,1,Region VII - Central Visayas,12,1,"101,004","115,587","103,474","320,065"
2019,2020,Private,1,Region VIII - Eastern Visayas,13,1,"23,234","35,474","26,762","85,470"
2019,2020,Private,1,Region IX - Zamboanga Peninsula,9,1,"23,563","32,283","33,249","89,095"
2019,2020,Private,1,Region X - Northern Mindanao,14,1,"52,056","71,416","51,024","174,496"
2019,2020,Private,1,Region XI - Davao Region,15,1,"64,884","64,845","66,852","196,581"
2019,2020,Private,1,Region XII - Soccsksargen,16,1,"52,118","60,974","46,271","159,363"
2019,2020,Private,1,CARAGA - CARAGA,2,1,"19,613","29,025","23,122","71,760"
2019,2020,Private,1,BARMM - Bangsamoro Autonomous Region in Muslim Mindanao,0,1,"37,164","34,623","18,363","90,150"
2019,2020,Private,1,CAR - Cordillera Administrative Region,1,1,"26,431","34,699","27,703","88,833"
2019,2020,Private,1,NCR - National Capital Region,3,1,"335,119","209,735","296,385","841,239"
2020,2021,Private,1,Region I - Ilocos Region,4,1,"37,985","59,880","40,780","138,645"
2020,2021,Private,1,Region II - Cagayan Valley,5,1,"25,070","42,221","27,483","94,774"
2020,2021,Private,1,Region III - Central Luzon,6,1,"113,227","152,954","158,372","424,553"
2020,2021,Private,1,Region IV-A - CALABARZON,7,1,"192,332","219,257","237,988","649,577"
2020,2021,Private,1,Region IV-B - MIMAROPA,8,1,"15,937","29,567","20,433","65,937"
2020,2021,Private,1,Region V - Bicol Region,10,1,"32,493","60,747","46,124","139,364"
2020,2021,Private,1,Region VI - Western Visayas,11,1,"54,317","78,456","60,290","193,063"
2020,2021,Private,1,Region VII - Central Visayas,12,1,"63,743","99,497","89,691","252,931"
2020,2021,Private,1,Region VIII - Eastern Visayas,13,1,"16,266","32,481","24,367","73,114"
2020,2021,Private,1,Region IX - Zamboanga Peninsula,9,1,"17,679","28,907","29,746","76,332"
2020,2021,Private,1,Region X - Northern Mindanao,14,1,"33,845","66,447","47,927","148,219"
2020,2021,Private,1,Region XI - Davao Region,15,1,"39,975","53,728","55,356","149,059"
2020,2021,Private,1,Region XII - Soccsksargen,16,1,"32,440","54,130","40,845","127,415"
2020,2021,Private,1,CARAGA - CARAGA,2,1,"13,738","27,281","20,999","62,018"
2020,2021,Private,1,BARMM - Bangsamoro Autonomous Region in Muslim Mindanao,0,1,"31,626","33,411","19,892","84,929"
2020,2021,Private,1,CAR - Cordillera Administrative Region,1,1,"18,466","32,593","24,658","75,717"
2020,2021,Private,1,NCR - National Capital Region,3,1,"207,578","166,822","244,756","619,156"
2010,2011,SUC-LUC,2,Region I - Ilocos Region,4,0,"2,165","2,367",0,"4,532"
2010,2011,SUC-LUC,2,Region II - Cagayan Valley,5,0,0,"1,913",0,"1,913"
2010,2011,SUC-LUC,2,Region III - Central Luzon,6,0,0,"7,587",0,"7,587"
2010,2011,SUC-LUC,2,Region IV-A - CALABARZON,7,0,"2,770","4,011",0,"6,781"
2010,2011,SUC-LUC,2,Region IV-B - MIMAROPA,8,0,"1,176","2,948",0,"4,124"
2010,2011,SUC-LUC,2,Region V - Bicol Region,10,0,"1,481","2,934",0,"4,415"
2010,2011,SUC-LUC,2,Region VI - Western Visayas,11,0,"1,527","4,219",0,"5,746"
2010,2011,SUC-LUC,2,Region VII - Central Visayas,12,0,818,"1,952",0,"2,770"
2010,2011,SUC-LUC,2,Region VIII - Eastern Visayas,13,0,527,"3,036",0,"3,563"
2010,2011,SUC-LUC,2,Region IX - Zamboanga Peninsula,9,0,993,"3,227",0,"4,220"
2010,2011,SUC-LUC,2,Region X - Northern Mindanao,14,0,490,"3,294",0,"3,784"
2010,2011,SUC-LUC,2,Region XI - Davao Region,15,0,0,"1,098",0,"1,098"
2010,2011,SUC-LUC,2,Region XII - Soccsksargen,16,0,479,"1,789",0,"2,268"
2010,2011,SUC-LUC,2,CARAGA - CARAGA,2,0,179,"2,027",0,"2,206"
2010,2011,SUC-LUC,2,BARMM - Bangsamoro Autonomous Region in Muslim Mindanao,0,0,"1,521","2,185",0,"3,706"
2010,2011,SUC-LUC,2,CAR - Cordillera Administrative Region,1,0,628,"2,732",0,"3,360"
2010,2011,SUC-LUC,2,NCR - National Capital Region,3,0,"1,808","2,547",0,"4,355"
2011,2012,SUC-LUC,2,Region I - Ilocos Region,4,0,"2,418","2,496",0,"4,914"
2011,2012,SUC-LUC,2,Region II - Cagayan Valley,5,0,0,"1,890",0,"1,890"
2011,2012,SUC-LUC,2,Region III - Central Luzon,6,0,0,"7,702",0,"7,702"
2011,2012,SUC-LUC,2,Region IV-A - CALABARZON,7,0,"2,587","4,373",0,"6,960"
2011,2012,SUC-LUC,2,Region IV-B - MIMAROPA,8,0,"1,111","2,298",0,"3,409"
2011,2012,SUC-LUC,2,Region V - Bicol Region,10,0,"1,448","3,122",0,"4,570"
2011,2012,SUC-LUC,2,Region VI - Western Visayas,11,0,"2,325","4,723",0,"7,048"
2011,2012,SUC-LUC,2,Region VII - Central Visayas,12,0,981,"1,196",0,"2,177"
2011,2012,SUC-LUC,2,Region VIII - Eastern Visayas,13,0,502,"3,271",0,"3,773"
2011,2012,SUC-LUC,2,Region IX - Zamboanga Peninsula,9,0,"1,091","2,661",0,"3,752"
2011,2012,SUC-LUC,2,Region X - Northern Mindanao,14,0,490,"3,157",0,"3,647"
2011,2012,SUC-LUC,2,Region XI - Davao Region,15,0,0,969,0,969
2011,2012,SUC-LUC,2,Region XII - Soccsksargen,16,0,529,"1,632",0,"2,161"
2011,2012,SUC-LUC,2,CARAGA - CARAGA,2,0,77,"1,930",0,"2,007"
2011,2012,SUC-LUC,2,BARMM - Bangsamoro Autonomous Region in Muslim Mindanao,0,0,"2,641","12,652",0,"15,293"
2011,2012,SUC-LUC,2,CAR - Cordillera Administrative Region,1,0,944,"3,761",0,"4,705"
2011,2012,SUC-LUC,2,NCR - National Capital Region,3,0,975,"1,766",0,"2,741"
2012,2013,SUC-LUC,2,Region I - Ilocos Region,4,0,"2,237","2,201",0,"4,438"
2012,2013,SUC-LUC,2,Region II - Cagayan Valley,5,0,0,"1,890",0,"1,890"
2012,2013,SUC-LUC,2,Region III - Central Luzon,6,0,0,"7,129",0,"7,129"
2012,2013,SUC-LUC,2,Region IV-A - CALABARZON,7,0,"2,705","4,464",0,"7,169"
2012,2013,SUC-LUC,2,Region IV-B - MIMAROPA,8,0,"1,126","2,129",0,"3,255"
2012,2013,SUC-LUC,2,Region V - Bicol Region,10,0,"1,543","3,695",0,"5,238"
2012,2013,SUC-LUC,2,Region VI - Western Visayas,11,0,"2,564","5,502",0,"8,066"
2012,2013,SUC-LUC,2,Region VII - Central Visayas,12,0,885,"1,155",0,"2,040"
2012,2013,SUC-LUC,2,Region VIII - Eastern Visayas,13,0,481,"3,187",0,"3,668"
2012,2013,SUC-LUC,2,Region IX - Zamboanga Peninsula,9,0,0,"2,254",0,"2,254"
2012,2013,SUC-LUC,2,Region X - Northern Mindanao,14,0,490,"3,157",0,"3,647"
2012,2013,SUC-LUC,2,Region XI - Davao Region,15,0,0,998,0,998
2012,2013,SUC-LUC,2,Region XII - Soccsksargen,16,0,772,"2,034",0,"2,806"
2012,2013,SUC-LUC,2,CARAGA - CARAGA,2,0,0,"2,432",0,"2,432"
2012,2013,SUC-LUC,2,BARMM - Bangsamoro Autonomous Region in Muslim Mindanao,0,0,"2,549","12,814",0,"15,363"
2012,2013,SUC-LUC,2,CAR - Cordillera Administrative Region,1,0,600,"3,761",0,"4,361"
2012,2013,SUC-LUC,2,NCR - National Capital Region,3,0,969,"1,897",0,"2,866"
2013,2014,SUC-LUC,2,Region I - Ilocos Region,4,0,"2,267","2,321",0,"4,588"
2013,2014,SUC-LUC,2,Region II - Cagayan Valley,5,0,43,"1,676",0,"1,719"
2013,2014,SUC-LUC,2,Region III - Central Luzon,6,0,0,"6,349",0,"6,349"
2013,2014,SUC-LUC,2,Region IV-A - CALABARZON,7,0,"2,188","4,138",0,"6,326"
2013,2014,SUC-LUC,2,Region IV-B - MIMAROPA,8,0,875,"1,888",0,"2,763"
2013,2014,SUC-LUC,2,Region V - Bicol Region,10,0,"1,010","2,546",0,"3,556"
2013,2014,SUC-LUC,2,Region VI - Western Visayas,11,0,"1,181","2,585",0,"3,766"
2013,2014,SUC-LUC,2,Region VII - Central Visayas,12,0,758,"1,597",0,"2,355"
2013,2014,SUC-LUC,2,Region VIII - Eastern Visayas,13,0,526,"2,809",0,"3,335"
2013,2014,SUC-LUC,2,Region IX - Zamboanga Peninsula,9,0,28,"2,085",0,"2,113"
2013,2014,SUC-LUC,2,Region X - Northern Mindanao,14,0,425,"2,487",0,"2,912"
2013,2014,SUC-LUC,2,Region XI - Davao Region,15,0,0,126,0,126
2013,2014,SUC-LUC,2,Region XII - Soccsksargen,16,0,626,"2,178",0,"2,804"
2013,2014,SUC-LUC,2,CARAGA - CARAGA,2,0,189,"1,434",0,"1,623"
2013,2014,SUC-LUC,2,BARMM - Bangsamoro Autonomous Region in Muslim Mindanao,0,0,"1,758","7,343",0,"9,101"
2013,2014,SUC-LUC,2,CAR - Cordillera Administrative Region,1,0,939,"1,931",0,"2,870"
2013,2014,SUC-LUC,2,NCR - National Capital Region,3,0,929,"1,889",0,"2,818"
2014,2015,SUC-LUC,2,Region I - Ilocos Region,4,0,"2,249","2,268",0,"4,517"
2014,2015,SUC-LUC,2,Region II - Cagayan Valley,5,0,0,"1,280",0,"1,280"
2014,2015,SUC-LUC,2,Region III - Central Luzon,6,0,31,"5,485",0,"5,516"
2014,2015,SUC-LUC,2,Region IV-A - CALABARZON,7,0,"2,429","3,384",0,"5,813"
2014,2015,SUC-LUC,2,Region IV-B - MIMAROPA,8,0,881,"1,670",0,"2,551"
2014,2015,SUC-LUC,2,Region V - Bicol Region,10,0,"1,079","2,276",0,"3,355"
2014,2015,SUC-LUC,2,Region VI - Western Visayas,11,0,732,"2,133",0,"2,865"
2014,2015,SUC-LUC,2,Region VII - Central Visayas,12,0,684,965,0,"1,649"
2014,2015,SUC-LUC,2,Region VIII - Eastern Visayas,13,0,536,"2,339",0,"2,875"
2014,2015,SUC-LUC,2,Region IX - Zamboanga Peninsula,9,0,0,"1,199",0,"1,199"
2014,2015,SUC-LUC,2,Region X - Northern Mindanao,14,0,0,"2,526",0,"2,526"
2014,2015,SUC-LUC,2,Region XI - Davao Region,15,0,0,55,0,55
2014,2015,SUC-LUC,2,Region XII - Soccsksargen,16,0,668,"2,220",0,"2,888"
2014,2015,SUC-LUC,2,CARAGA - CARAGA,2,0,230,914,0,"1,144"
2014,2015,SUC-LUC,2,BARMM - Bangsamoro Autonomous Region in Muslim Mindanao,0,0,"1,164","3,267",0,"4,431"
2014,2015,SUC-LUC,2,CAR - Cordillera Administrative Region,1,0,567,"1,525",0,"2,092"
2014,2015,SUC-LUC,2,NCR - National Capital Region,3,0,901,"1,883",0,"2,784"
2015,2016,SUC-LUC,2,Region I - Ilocos Region,4,0,"1,904","1,973",0,"3,877"
2015,2016,SUC-LUC,2,Region II - Cagayan Valley,5,0,0,499,0,499
2015,2016,SUC-LUC,2,Region III - Central Luzon,6,0,476,"3,549",0,"4,025"
2015,2016,SUC-LUC,2,Region IV-A - CALABARZON,7,0,"1,666","4,306",0,"5,972"
2015,2016,SUC-LUC,2,Region IV-B - MIMAROPA,8,0,732,"1,343",0,"2,075"
2015,2016,SUC-LUC,2,Region V - Bicol Region,10,0,932,"1,802",0,"2,734"
2015,2016,SUC-LUC,2,Region VI - Western Visayas,11,0,109,"1,488",0,"1,597"
2015,2016,SUC-LUC,2,Region VII - Central Visayas,12,0,422,843,0,"1,265"
2015,2016,SUC-LUC,2,Region VIII - Eastern Visayas,13,0,261,"2,027",0,"2,288"
2015,2016,SUC-LUC,2,Region IX - Zamboanga Peninsula,9,0,566,"2,461",0,"3,027"
2015,2016,SUC-LUC,2,Region X - Northern Mindanao,14,0,0,"1,320",0,"1,320"
2015,2016,SUC-LUC,2,Region XII - Soccsksargen,16,0,361,"2,167",0,"2,528"
2015,2016,SUC-LUC,2,CARAGA - CARAGA,2,0,213,223,0,436
2015,2016,SUC-LUC,2,BARMM - Bangsamoro Autonomous Region in Muslim Mindanao,0,0,"2,271","16,786",0,"19,057"
2015,2016,SUC-LUC,2,CAR - Cordillera Administrative Region,1,0,618,"1,709",0,"2,327"
2015,2016,SUC-LUC,2,NCR - National Capital Region,3,0,263,"1,407",0,"1,670"
2016,2017,SUC-LUC,2,Region I - Ilocos Region,4,1,"1,902","2,359","2,686","6,947"
2016,2017,SUC-LUC,2,Region II - Cagayan Valley,5,1,0,326,881,"1,207"
2016,2017,SUC-LUC,2,Region III - Central Luzon,6,1,0,"4,036","5,987","10,023"
2016,2017,SUC-LUC,2,Region IV-A - CALABARZON,7,1,"1,676","2,146","2,219","6,041"
2016,2017,SUC-LUC,2,Region IV-B - MIMAROPA,8,1,873,"1,655","3,034","5,562"
2016,2017,SUC-LUC,2,Region V - Bicol Region,10,1,625,"2,521","1,402","4,548"
2016,2017,SUC-LUC,2,Region VI - Western Visayas,11,1,731,"3,079","1,601","5,411"
2016,2017,SUC-LUC,2,Region VII - Central Visayas,12,1,615,961,"2,313","3,889"
2016,2017,SUC-LUC,2,Region VIII - Eastern Visayas,13,1,540,"2,242","3,052","5,834"
2016,2017,SUC-LUC,2,Region IX - Zamboanga Peninsula,9,1,587,"1,879","2,456","4,922"
2016,2017,SUC-LUC,2,Region X - Northern Mindanao,14,1,499,"3,574","4,466","8,539"
2016,2017,SUC-LUC,2,Region XI - Davao Region,15,1,0,1,460,461
2016,2017,SUC-LUC,2,Region XII - Soccsksargen,16,1,212,"1,666","1,856","3,734"
2016,2017,SUC-LUC,2,CARAGA - CARAGA,2,1,213,652,"1,090","1,955"
2016,2017,SUC-LUC,2,BARMM - Bangsamoro Autonomous Region in Muslim Mindanao,0,1,"1,724","15,546","2,257","19,527"
2016,2017,SUC-LUC,2,CAR - Cordillera Administrative Region,1,1,674,"1,798","1,196","3,668"
2016,2017,SUC-LUC,2,NCR - National Capital Region,3,1,932,"1,263","14,515","16,710"
2017,2018,SUC-LUC,2,Region I - Ilocos Region,4,1,"1,902","2,340","6,378","10,620"
2017,2018,SUC-LUC,2,Region II - Cagayan Valley,5,1,0,202,"1,178","1,380"
2017,2018,SUC-LUC,2,Region III - Central Luzon,6,1,0,"3,680","9,582","13,262"
2017,2018,SUC-LUC,2,Region IV-A - CALABARZON,7,1,"1,676","3,856","4,933","10,465"
2017,2018,SUC-LUC,2,Region IV-B - MIMAROPA,8,1,873,"1,752","5,315","7,940"
2017,2018,SUC-LUC,2,Region V - Bicol Region,10,1,625,"2,192","2,810","5,627"
2017,2018,SUC-LUC,2,Region VI - Western Visayas,11,1,731,"2,814","4,836","8,381"
2017,2018,SUC-LUC,2,Region VII - Central Visayas,12,1,615,"1,063","3,631","5,309"
2017,2018,SUC-LUC,2,Region VIII - Eastern Visayas,13,1,540,"2,681","5,720","8,941"
2017,2018,SUC-LUC,2,Region IX - Zamboanga Peninsula,9,1,587,"2,156","3,194","5,937"
2017,2018,SUC-LUC,2,Region X - Northern Mindanao,14,1,499,"4,658","8,226","13,383"
2017,2018,SUC-LUC,2,Region XI - Davao Region,15,1,0,0,803,803
2017,2018,SUC-LUC,2,Region XII - Soccsksargen,16,1,212,"2,095","3,023","5,330"
2017,2018,SUC-LUC,2,CARAGA - CARAGA,2,1,213,596,"1,540","2,349"
2017,2018,SUC-LUC,2,BARMM - Bangsamoro Autonomous Region in Muslim Mindanao,0,1,"1,724","15,214","3,197","20,135"
2017,2018,SUC-LUC,2,CAR - Cordillera Administrative Region,1,1,674,"1,405","2,365","4,444"
2017,2018,SUC-LUC,2,NCR - National Capital Region,3,1,932,"1,790","22,583","25,305"
2018,2019,SUC-LUC,2,Region I - Ilocos Region,4,1,"1,884","2,272","5,263","9,419"
2018,2019,SUC-LUC,2,Region II - Cagayan Valley,5,1,0,102,690,792
2018,2019,SUC-LUC,2,Region III - Central Luzon,6,1,20,"4,550","7,773","12,343"
2018,2019,SUC-LUC,2,Region IV-A - CALABARZON,7,1,"1,825","4,103","5,778","11,706"
2018,2019,SUC-LUC,2,Region IV-B - MIMAROPA,8,1,837,"1,755","5,019","7,611"
2018,2019,SUC-LUC,2,Region V - Bicol Region,10,1,551,"1,522","2,351","4,424"
2018,2019,SUC-LUC,2,Region VI - Western Visayas,11,1,774,"2,699","4,679","8,152"
2018,2019,SUC-LUC,2,Region VII - Central Visayas,12,1,569,974,"3,261","4,804"
2018,2019,SUC-LUC,2,Region VIII - Eastern Visayas,13,1,558,"2,836","4,048","7,442"
2018,2019,SUC-LUC,2,Region IX - Zamboanga Peninsula,9,1,456,"2,236","4,083","6,775"
2018,2019,SUC-LUC,2,Region X - Northern Mindanao,14,1,516,"4,779","6,206","11,501"
2018,2019,SUC-LUC,2,Region XI - Davao Region,15,1,0,0,477,477
2018,2019,SUC-LUC,2,Region XII - Soccsksargen,16,1,206,"2,195","1,982","4,383"
2018,2019,SUC-LUC,2,CARAGA - CARAGA,2,1,239,478,794,"1,511"
2018,2019,SUC-LUC,2,BARMM - Bangsamoro Autonomous Region in Muslim Mindanao,0,1,"1,830","20,155","4,178","26,163"
2018,2019,SUC-LUC,2,CAR - Cordillera Administrative Region,1,1,635,"1,805","2,887","5,327"
2018,2019,SUC-LUC,2,NCR - National Capital Region,3,1,916,"1,768","22,799","25,483"
2019,2020,SUC-LUC,2,Region I - Ilocos Region,4,1,"1,912","2,159","2,953","7,024"
2019,2020,SUC-LUC,2,Region II - Cagayan Valley,5,1,0,47,495,542
2019,2020,SUC-LUC,2,Region III - Central Luzon,6,1,16,"4,745","6,650","11,411"
2019,2020,SUC-LUC,2,Region IV-A - CALABARZON,7,1,"1,696","3,462","6,613","11,771"
2019,2020,SUC-LUC,2,Region IV-B - MIMAROPA,8,1,835,"1,922","4,979","7,736"
2019,2020,SUC-LUC,2,Region V - Bicol Region,10,1,494,"1,452","2,369","4,315"
2019,2020,SUC-LUC,2,Region VI - Western Visayas,11,1,672,"2,442","1,938","5,052"
2019,2020,SUC-LUC,2,Region VII - Central Visayas,12,1,371,706,"1,642","2,719"
2019,2020,SUC-LUC,2,Region VIII - Eastern Visayas,13,1,374,"2,439","2,240","5,053"
2019,2020,SUC-LUC,2,Region IX - Zamboanga Peninsula,9,1,107,"2,379","3,424","5,910"
2019,2020,SUC-LUC,2,Region X - Northern Mindanao,14,1,493,"4,726","4,515","9,734"
2019,2020,SUC-LUC,2,Region XI - Davao Region,15,1,0,0,303,303
2019,2020,SUC-LUC,2,Region XII - Soccsksargen,16,1,194,"1,843","2,026","4,063"
2019,2020,SUC-LUC,2,CARAGA - CARAGA,2,1,237,405,528,"1,170"
2019,2020,SUC-LUC,2,BARMM - Bangsamoro Autonomous Region in Muslim Mindanao,0,1,"1,923","21,570","5,681","29,174"
2019,2020,SUC-LUC,2,CAR - Cordillera Administrative Region,1,1,643,"1,641","2,687","4,971"
2019,2020,SUC-LUC,2,NCR - National Capital Region,3,1,230,"1,169","18,659","20,058"
2020,2021,SUC-LUC,2,Region I - Ilocos Region,4,1,"1,762","2,113","2,368","6,243"
2020,2021,SUC-LUC,2,Region II - Cagayan Valley,5,1,0,0,660,660
2020,2021,SUC-LUC,2,Region III - Central Luzon,6,1,4,"2,873","6,393","9,270"
2020,2021,SUC-LUC,2,Region IV-A - CALABARZON,7,1,"1,470","3,146","6,890","11,506"
2020,2021,SUC-LUC,2,Region IV-B - MIMAROPA,8,1,800,"1,798","2,979","5,577"
2020,2021,SUC-LUC,2,Region V - Bicol Region,10,1,379,"1,212","1,831","3,422"
2020,2021,SUC-LUC,2,Region VI - Western Visayas,11,1,688,"2,325",940,"3,953"
2020,2021,SUC-LUC,2,Region VII - Central Visayas,12,1,2,539,923,"1,464"
2020,2021,SUC-LUC,2,Region VIII - Eastern Visayas,13,1,581,"2,861","2,228","5,670"
2020,2021,SUC-LUC,2,Region IX - Zamboanga Peninsula,9,1,0,"2,292","1,963","4,255"
2020,2021,SUC-LUC,2,Region X - Northern Mindanao,14,1,480,"4,916","4,964","10,360"
2020,2021,SUC-LUC,2,Region XI - Davao Region,15,1,0,0,146,146
2020,2021,SUC-LUC,2,Region XII - Soccsksargen,16,1,170,"2,185","1,843","4,198"
2020,2021,SUC-LUC,2,CARAGA - CARAGA,2,1,226,403,519,"1,148"
2020,2021,SUC-LUC,2,BARMM - Bangsamoro Autonomous Region in Muslim Mindanao,0,1,"2,097","21,428","6,754","30,279"
2020,2021,SUC-LUC,2,CAR - Cordillera Administrative Region,1,1,597,"1,500","2,211","4,308"
2020,2021,SUC-LUC,2,NCR - National Capital Region,3,1,501,"1,188","14,607","16,296"
